ID,Highlights
P001,"Chợ trung tâm của Đà Lạt, nơi hội tụ đặc sản, áo len và nông sản tươi mỗi sớm. Đừng quên ghé khu ẩm thực đêm để thưởng thức sữa đậu nành nóng và đồ nướng thơm lừng."
P002,"Biệt thự Pháp cổ nằm trên đồi thông yên tĩnh, lưu giữ dấu ấn thời kỳ toàn quyền Đông Dương. Không gian triển lãm nghệ thuật và view hồ Xuân Hương khiến nơi đây rất lý tưởng cho những ai yêu nhiếp ảnh."
P003,"Quảng trường biểu tượng với nụ atisô và hoa dã quỳ khổng lồ bằng kính nổi bật giữa lòng thành phố. Buổi chiều gió lộng, bạn có thể tản bộ ngắm hồ Xuân Hương và chụp ảnh sunset tuyệt đẹp."
P004,"Hồ nước uốn lượn giữa thành phố, được ví như trái tim của Đà Lạt. Sáng sớm sương mờ bao phủ, tối đến đạp vịt ngắm đèn phố là trải nghiệm lãng mạn khó quên."
P005,Ngôi chùa lâu đời với mái ngói rêu phong và những tượng Phật trang nghiêm giữa vườn bonsai. Tiếng chuông vang vọng lúc chiều buông mang lại cảm giác thanh tịnh hiếm có.
P006,"Nhà thờ nhỏ mang kiến trúc châu Âu giản dị, nổi bật với gam màu trắng và cửa kính nhiều sắc. Đến đây vào giờ lễ sáng sớm, bạn sẽ cảm nhận trọn vẹn nhịp sống đạo hiền hòa của người Đà Lạt."
P007,"Thác nước tầng tầng len giữa rừng thông, đi kèm hệ thống máng trượt Alpine Coaster trứ danh. Mùa mưa nước đổ trắng xóa, đây cũng là điểm dừng chân sảng khoái giữa hành trình khám phá ngoại ô."
P008,Đồi cao mở ra tầm nhìn toàn cảnh thành phố và hồ Xuân Hương từ trên cao. Trạm cáp treo tại đây đưa bạn băng qua thung lũng thông xanh đến Thiền Viện Trúc Lâm chỉ trong vài phút.
P009,"Tổ hợp sống ảo với cổng trời Bali, xích đu gỗ và view núi đồi xanh mướt. Buổi sáng sớm ít người là thời điểm lý tưởng để bắt trọn những bức ảnh phản chiếu đẹp mắt."
P010,"Thiền viện nằm bên hồ Tuyền Lâm, kiến trúc thanh tịnh giữa rừng thông bạt ngàn. Hành lang gió mát và vườn hoa luôn được chăm chút khiến tâm hồn bạn như được gột rửa."
P011,Khu nghỉ dưỡng kết hợp trải nghiệm trà và vui chơi trên ngọn đồi Prenn. Những chiếc xe trượt và nhà gỗ phong cách Bắc Âu mang lại cảm giác năng động mà vẫn rất thơ mộng.
P012,"Nhà thờ Con Gà mang phong cách Roman, nổi bật với tháp chuông cao và tượng gà trống trên đỉnh. Nội thất kính màu rực rỡ vẽ nên bức tranh lịch sử Thiên Chúa giáo ở Đà Lạt."
P013,Hồ nước lớn nhất thành phố được bao quanh bởi rừng thông và resort ven bờ. Thuê thuyền kayak hay đơn giản là ngồi thiền bên mặt nước phẳng lặng đều mang lại cảm giác bình yên.
P014,"Tổ hợp vui chơi chủ đề cổ tích và phiêu lưu dành cho gia đình. Các trò zipline, cầu mây và những góc check-in đầy màu sắc khiến cả trẻ em lẫn người lớn đều thích thú."
P015,Đồi chè trứ danh với những luống trà xanh mướt trải dài đến tận đường chân trời. Dậy sớm săn mây và thưởng thức tách trà nóng ngay tại nông trại là trải nghiệm đáng thử nhất ở Cầu Đất.
P016,"Địa đạo điêu khắc bằng đất đỏ tái hiện lịch sử Đà Lạt qua hàng trăm tác phẩm độc đáo. Những ngôi nhà sét, toa tàu và hồ bán nguyệt tạo nên khung cảnh như bước vào thế giới khác."
P017,"Biệt thự cổ nổi tiếng với kiến trúc siêu thực, hành lang ngoằn ngoèo và phòng ốc như trong truyện cổ. Mỗi góc đều đầy màu sắc và chi tiết bất ngờ, kích thích trí tưởng tượng của mọi lứa tuổi."
P018,"Con suối trong vắt len lỏi giữa cánh rừng yên tĩnh, thích hợp cho chuyến picnic nhẹ nhàng. Nước nhuộm màu cam đặc trưng tạo nên phông nền lạ mắt cho những bức ảnh thiên nhiên."
P019,Ngôi chùa nhỏ kín đáo giữa phố núi với vườn tượng Bồ Tát và chánh điện ấm cúng. Mùi hương trầm phảng phất và tiếng chuông trầm lắng giúp bạn tìm thấy sự an yên nội tại.
P020,"Lăng mộ của thân sinh Nam Phương hoàng hậu, tọa lạc giữa đồi thông tĩnh lặng. Kiến trúc giao thoa Đông Tây cùng những bậc đá phủ rêu gợi cảm giác hoài niệm sâu lắng."
P021,"Dinh thự mùa hè của vua Bảo Đại, bảo tồn nội thất Art Deco nguyên bản. Vườn hoa và rừng thông quanh dinh tạo nên không khí hoàng gia nhưng vẫn gần gũi với thiên nhiên."
P022,Crazy House là mê cung nghệ thuật với hình thù động vật và cây cổ thụ khổng lồ. Lối đi trên mái nhà cho phép bạn ngắm toàn cảnh phố núi trong phong cách cổ tích táo bạo.
P023,Khu chụp hình ven hồ Tuyền Lâm với những ngôi nhà gỗ cổ tích và vườn hoa tím lịm. Buổi chiều nắng vàng phản chiếu mặt nước tạo nên khung cảnh cực kỳ lãng mạn.
P024,"Không gian mang đậm phong vị kiếm hiệp với cổng gỗ, hồ koi và rừng trúc xanh rì. Ánh sáng xuyên qua tán thông buổi chiều biến nơi đây thành phim trường cổ trang thu nhỏ."
P025,"Nông trại hoa rực rỡ quanh năm, nổi bật với cối xay gió và cầu kính giữa thung lũng. Hương lavender và cẩm tú cầu phủ kín những lối đi uốn lượn rất hợp cho bộ ảnh gia đình."
P026,"Thiên đường đặc sản Langfarm với thử vị mứt, trà và cà phê không giới hạn. Không gian trải nghiệm được thiết kế hiện đại giúp bạn dễ dàng mua quà mang hương vị Đà Lạt."
P027,"Xứ sở cổ tích với nhà hobbit, thùng rượu khổng lồ và đường hầm rêu phong. Những câu chuyện được kể lại qua mỗi khu vực khiến trẻ nhỏ lẫn người lớn đều hào hứng khám phá."
P028,"Biệt thự trưng bày hiện vật kể chuyện về giới quý tộc và văn hóa trà Đà Lạt xưa. Từng phòng đều giữ nguyên nội thất tinh xảo, rất hợp cho tín đồ kiến trúc Pháp cổ."
P029,Khu du lịch sinh thái nổi tiếng với bàn tay Phật khổng lồ vươn giữa rừng. Lối mòn gỗ dẫn ra view núi non trập trùng giúp bạn dễ dàng săn những bức ảnh triệu like.
P030,"Con đường đào nở rộ vào tháng 1-2, nhuộm hồng cả triền phố trong nắng xuân. Dạo bước giữa hàng cây cổ thụ là trải nghiệm lãng mạn tuyệt vời cho các cặp đôi."
P031,Thiên đường swing giữa hồ với chiếc đàn piano nổi và xích đu bay. Mặt nước phẳng lặng phản chiếu bầu trời khiến mỗi khung hình đều như tranh vẽ.
P032,Nông trại cà phê kết hợp vườn hoa và đàn cừu dễ thương. Ly cà phê nóng thưởng thức trên đồi giúp bạn cảm nhận trọn vẹn tiết trời se lạnh của thung lũng Cam Ly.
P033,"Thác nước ngay sát trung tâm nhưng vẫn giữ vẻ hoang sơ và tiếng thác ầm ào mãnh liệt. Khoảnh khắc đẹp nhất là sau cơn mưa, khi hơi nước bốc lên mờ ảo giữa rừng thông."
P034,Nhà thờ màu hồng đặc trưng với kiến trúc Gothic giản lược và khuôn viên hoa anh đào. Từ bậc thang cao bạn có thể phóng tầm nhìn ngắm trọn vẹn thành phố mù sương.
P035,Viện bảo tàng nghiên cứu sinh học lưu giữ hàng nghìn mẫu động thực vật Tây Nguyên. Tòa nhà đá cổ kính và khu rừng thông kế bên tạo nên bầu không khí học thuật rất thi vị.
P036,Đồi cao lý tưởng để săn mây và ngắm bình minh phủ vàng cả thành phố. Cắm trại qua đêm giữa biển thông reo sẽ cho bạn ký ức rất khác về Đà Lạt.
P037,"Mùa cuối năm, thảm cỏ hồng lan rộng dưới ánh nắng ban mai như phủ lớp sương mỏng. Đây cũng là nơi diễn ra lễ hội Suối Vàng thu hút giới trẻ check-in."
P038,"Trang trại cún với hàng chục giống chó thân thiện và vườn hoa đầy sắc màu. Bạn có thể cho thú cưng ăn, chụp ảnh và thư giãn trong những khu nhà kính thoáng đãng."
P039,Không gian trình diễn ánh sáng kết hợp công nghệ mapping hiện đại đầu tiên tại Đà Lạt. Hệ thống phòng chủ đề đưa bạn lạc bước vào thế giới đa sắc của âm thanh và thị giác.
P040,"Thung lũng rộng lớn với hồ nước, vườn tường vi và cầu khóa tình yêu. Những trò chơi nhẹ nhàng như đạp vịt, xe jeep giúp chuyến hẹn hò thêm phần thú vị."
P041,"Khu nghỉ dưỡng xanh mướt với bonsai, vườn đá và tiểu cảnh Nhật Bản. Các sân khấu văn nghệ dân tộc về đêm mang lại không khí sôi động giữa núi rừng."
P042,Công viên giải trí mới với show ánh sáng lung linh khi đêm xuống. Ban ngày có nhiều trò trải nghiệm nhẹ nhàng phù hợp cả gia đình nhiều thế hệ.
P043,Đồi thông gắn với chuyện tình bi tráng của đôi trai gái Đà Lạt xưa. Con đường mòn phủ đầy thông xanh và sương sớm tạo nên cảm giác tĩnh lặng rất thơ.
P044,Nông trại mùa vụ với những quả bí ngô khổng lồ và vườn rau sạch cho bạn tự tay hái. Trẻ nhỏ mê mẩn khu chuồng thỏ và những góc chụp ảnh màu sắc.
P045,"Biệt thự cổ hơn 100 năm tuổi, giữ nguyên nền gạch, cầu thang và nội thất gỗ. Câu chuyện về gia chủ và các giai thoại ma mị khiến nơi đây càng thêm hấp dẫn."
P046,"Quán cà phê mang phong vị Nhật với dãy nhà gỗ và tiệm tạp hóa nhỏ xinh. Buổi chiều bật nhạc indie nhẹ nhàng, rất hợp để bạn đọc sách và thư giãn."
P047,"Ga xe lửa kiểu kiến trúc Art Deco độc đáo nhất Đông Dương, nay trở thành điểm chụp ảnh nổi tiếng. Bạn có thể mua vé tàu cổ chạy tuyến Trại Mát để hoài niệm một thời vàng son."
P048,"Dinh thự tọa lạc giữa rừng thông, được mệnh danh là dinh đẹp nhất của vua Bảo Đại. Lối đi rợp hoa và phòng ngủ hoàng gia tái hiện rõ nét cuộc sống thượng lưu thập niên 1930."
P049,Dinh Bảo Đại II nằm trên đồi cao với ban công ngắm toàn cảnh thành phố. Khu vườn mùa xuân trồng nhiều loài hoa quý hiếm thích hợp cho buổi chiều thư thả.
P050,"Quán cà phê view bình minh, nổi tiếng với sương bay và đồi chè trước mắt. Gọi một phần bánh ngọt, ngồi trên boong tàu gỗ là tận hưởng trọn vẹn khoảnh khắc se lạnh."
P051,"Chùa còn gọi là Ve Chai vì kiến trúc khảm sứ, đỉnh tháp rồng dài 49m cực kỳ ấn tượng. Tượng Quan Âm cao 17m trong tòa bảo tháp là biểu tượng tâm linh của vùng."
P052,"Tiệm cà phê phong cách ga tàu cũ với sân khấu acoustic và góc ký gửi kỷ niệm. Buổi tối đèn vàng lên, không gian trở nên ấm áp như đưa bạn quay về những năm 90."
P053,"Quán cà phê nhà kính giữa đồi hoa, điểm hẹn yêu thích của những ai mê săn mây. Dây đèn lung linh và lều gỗ nhỏ giúp bạn có bộ ảnh vintage đầy thơ mộng."
P054,"Không gian chủ đề Doraemon với phố Nhật thu nhỏ và nhân vật tuổi thơ. Gia đình có thể vừa thưởng thức đồ uống, vừa tham gia trò chơi tương tác vui nhộn."
P055,"Quán cà phê kiêm buffet nướng, nổi tiếng với view đồi và gió lộng chiều hoàng hôn. Ban đêm lửa trại bập bùng tạo nên buổi hẹn ấm cúng giữa se lạnh Đà Lạt."
P056,"Tổ hợp giải trí trên đồi với khinh khí cầu, vườn ánh sáng và quầy cafe. Khi màn đêm buông xuống, hàng nghìn bóng đèn nhỏ biến nơi đây thành xứ sở thần tiên."
P057,Quán cà phê 24/7 nổi bật với lưới trời và view thung lũng đèn vàng về đêm. Ghé ban ngày để ngồi xích đu bên vách đá nghe mùi thông non phảng phất.
P058,"Quán cà phê chênh vênh trên triền đồi, nhìn thẳng xuống biển thông xanh. Ghế gỗ đơn giản và những dải đèn treo giúp mọi khung hình đều rất chill."
P059,"Hồ nước gắn với huyền thoại tình yêu buồn, được bao bọc bởi thông reo. Sáng tinh mơ, mặt hồ phẳng lặng phản chiếu mây trời tạo nên bức tranh sương khói."
P060,Nông trại cà phê với ban công kính 360 độ nhìn xuống đồi chè bát ngát. Uống cà phê chồn nguyên chất và check-in bên cánh đồng hoa hướng dương là combo không thể bỏ lỡ.
P061,"Trang trại ong cho bạn mặc đồ bảo hộ, tham gia quay mật và nếm thử mật ong rừng. Vườn hoa nở quanh năm cùng mùi hương ngọt ngào khiến ai cũng thích mê."
P062,"Khu du lịch glamping với lều mái trong suốt, cầu gỗ và nhà cây cổ tích. Đêm xuống, rừng thông lên đèn vàng ấm mang lại cảm giác rất khác lạ so với phố thị."
P063,"Nông trại phong cách châu Âu, nơi bạn được chạm vào cừu, alpaca và thỏ. Những luống hoa đầy màu sắc tạo nên phông nền hoàn hảo cho album cưới hoặc gia đình."
P064,"Vườn hoa nằm sâu trong rừng, nổi bật với con đường cầu gỗ và đầm sen tím. Mỗi mùa là một concept trang trí mới lạ khiến tín đồ sống ảo mê mẩn."
P065,"Sở thú thân thiện cho phép bạn cho kangaroo, lạc đà và cừu ăn trực tiếp. Không gian được thiết kế mở giữa rừng thông nên rất trong lành cho trẻ nhỏ."
P066,"Khu chăm sóc chó mèo cứu hộ, nơi du khách có thể chơi đùa và nhận nuôi. Hoạt động trị liệu với thú cưng giúp giải tỏa stress và lan tỏa thông điệp yêu thương động vật."
P067,Đỉnh núi cao nhất Đà Lạt với tầm nhìn ra hồ Dankia và thung lũng xanh. Trải nghiệm xe jeep leo núi và thưởng thức đặc sản người Lạch là điều không thể bỏ qua.
P068,"Ngôi làng của người K'Ho giữa rừng thông nguyên sơ, có suối và hồ xanh ngọc. Các chương trình cồng chiêng và chèo bè tre mang lại cái nhìn gần gũi về văn hóa bản địa."
P069,"Thung lũng Vàng chinh phục du khách bằng vườn bonsai, hồ Đan Kia và triền thông. Mùa xuân hoa mai anh đào nở rộ, ánh nắng phản chiếu mặt nước đẹp như tranh."
P070,"Rừng thông cổ thụ ở chân núi Voi, nổi tiếng với tuyến zipline và cắm trại chuẩn chỉnh. Không khí mát lạnh quanh năm thích hợp cho những chuyến retreat nhóm bạn trẻ."
P071,"Pongour là thác nước bậc thang hùng vĩ nhất Tây Nguyên với 7 tầng đá bazan. Mùa mưa nước đổ mạnh tạo bọt trắng xóa, mùa khô lại thích hợp để hạ trại dưới chân thác."
P072,Tổ hợp tâm linh theo phong cách Kim Cang thừa với tượng Phật A Di Đà cao 81m. Những bức tranh mandala và tiếng chuông đại hồng chung khiến bạn như lạc bước vào Tây Tạng.
P073,"Spa kết hợp thảo dược bản địa, nổi tiếng với liệu trình massage thư giãn sâu. Không gian gỗ ấm và mùi tinh dầu quế khiến cơ thể được phục hồi sau ngày dài khám phá."
P074,"Thác Voi mạnh mẽ đổ xuống từ độ cao 30m, tạo nên màn sương lạnh mát quanh năm. Trekking qua những bậc đá phủ rêu dẫn bạn đến hang động bằng đá bazan kỳ thú."
P075,"Ngôi chùa sở hữu tượng Quan Âm cao 71m cùng vô số tượng gỗ tinh xảo. Từ sân chùa nhìn xuống thung lũng cà phê bao la, cảm giác vô cùng thanh tịnh."
P076,Quán cà phê trên đồi với bậc thang gỗ và vườn hoa lung linh đèn vào buổi tối. Thực đơn fusion kết hợp món Âu và vị Đà Lạt khiến bữa tối của bạn thêm đặc biệt.
P077,"Khu vườn lấy cảm hứng châu Âu với tượng thần Hy Lạp, đài phun nước và vườn hồng cổ. Những bục đá trắng xen giữa rừng thông tạo nên khung cảnh lạ mắt giữa phố núi."
P078,"Cánh đồng hoa theo mùa cùng nhà kính check-in, đặc biệt rực rỡ vào mùa hướng dương. Con đường cầu gỗ dẫn qua vườn cẩm tú cầu là điểm nhấn được nhiều cặp đôi ưa thích."
P079,"Bảo tàng kể câu chuyện trăm năm của trà Long Đỉnh và nghề trồng chè Đà Lạt. Bạn được xem quy trình sao chế, ngửi hương và nếm thử các dòng trà thượng hạng ngay tại chỗ."
