ID,Name_EN,Address_EN,Time_Tags_EN
E001,The Lam,"35 Street Lý Tự Trọng, Ward 1 Cũ, Da Lat, Lâm Đồng, Việt Nam",Dinner
E002,Sa Bi Chuong Broken Rice - Da Lat,"1F Nam Kỳ Khởi Nghĩa, Ward 1, Da Lat, Lâm Đồng 66000, Việt Nam",All day
E003,SUGAR BREAD AND SUMMER BREAD,"14 Street Ánh Sáng, Ward 1, Da Lat, Lâm Đồng, Việt Nam",Dinner
E004,Da Lat Pho Restaurant - Restaurant,"38 Street Tăng Bạt Hổ, Ward 1, Da Lat, Lâm Đồng 66100, Việt Nam",All day
E005,Happy Thai Dalat - Delicious Thai Dishes,"21 Đ. Nguyễn Văn Cừ, Ward 1, Da Lat, Lâm Đồng, Việt Nam",Lunch/Dinner
E006,Ngu Son sturgeon hotpot CN1,"33/15/3, Phan Đình Phùng, Ward 1, Da Lat, Lâm Đồng, Việt Nam",Lunch/Dinner
E007,Da Lat Kitchen Restaurant - peace area,"69 Phan Bội Châu, Ward 1, Da Lat, Lâm Đồng, Việt Nam",All day
E008,Ma La Hot Pot - Delicious hot pot restaurant in Dalat,"22 Đ. Nguyễn Văn Cừ, Ward 1, Da Lat, Lâm Đồng, Việt Nam",Lunch/Dinner
E009,Thai dish - Khap Bun Kha,"26 Đ. Nguyễn Văn Cừ, Ward 1, Da Lat, Lâm Đồng 670000, Việt Nam",All day
E010,Fungi Chingu Night Market,"1 Street Nguyễn Thị Minh Khai, Ward 1, Da Lat, Lâm Đồng 66110, Việt Nam",All day
E011,Grilled to fullness,"4 Đ Phạm Ngũ Lão, Ward 1, Da Lat, Lâm Đồng, Việt Nam",Lunch/Dinner
E012,GoGi House Dalat,"05 Đ. Nguyễn Chí Thanh, Ward 1, Da Lat, Lâm Đồng 66000, Việt Nam",Lunch/Dinner
E013,3 Meals a Day restaurant - restaurant number 2,"37 Street Đống Đa, Ward 3, Da Lat, Lâm Đồng, Việt Nam",Lunch/Dinner
E014,Thuong Thuong Grill Shop,"30 Đặng Thái Thân, Ward 3, Da Lat, Lâm Đồng 670000, Việt Nam",Lunch/Dinner
E015,Gangnam-Gu Hot Pot - Grill,"155 Street Hà Huy Tập, Ward 3, Da Lat, Lâm Đồng, Việt Nam",All day
E016,PICNIC GO - PORK RICE & GRILLED POTS,"17B Street Đặng Thái Thân, Ward 3, Da Lat, Lâm Đồng 670000, Việt Nam",Lunch/Dinner
E017,Chicken Shop Halfway Up The Hill,"hẻm 1 Street Đặng Thái Thân, Ward 3, Da Lat, Lâm Đồng, Việt Nam",Lunch/Dinner
E018,Banana Leaf Rice,"23/2 Đ. Trần Phú, Ward 3, Da Lat, Lâm Đồng 670000, Việt Nam",Lunch/Dinner
E019,Cloud Grill,"19A Đặng Thái Thân, Ward 3, Da Lat, Lâm Đồng 67000, Việt Nam",Lunch/Dinner
E020,Ba Nam Chut Restaurant,"2e Ba Tháng Tư, Ward 3, Da Lat, Lâm Đồng, Việt Nam",All day
E021,Chill Grill Restaurant in Dalat,"Hẻm 1 Street Đặng Thái Thân, Ward 3, Da Lat, Lâm Đồng, Việt Nam",Lunch/Dinner
E022,Nhu Ngoc Rice Pot Restaurant,"1/18 Hồ Tùng Mậu, Ward 3, Da Lat, Lâm Đồng, Việt Nam",All day
E023,Carrot Restaurant - Delicious European dishes in Dalat,"36 Street Bà Triệu, Ward 3, Da Lat, Lâm Đồng, Việt Nam",Lunch/Dinner
E024,Garden of Dreams Quan,"11A Street Nhà Chung, Ward 3, Da Lat, Lâm Đồng 66000, Việt Nam",Lunch/Dinner
E025,Popular restaurant 369,"2 Street Lương Thế Vinh, Ward 3, Da Lat, Lâm Đồng, Việt Nam",
E026,Osaka garden restaurant,"Street hoa đổ quyên hồ, Tuyền Lâm, Ward 3, Tp. Da Lat, Lâm Đồng 66000, Việt Nam",Lunch/Dinner
E027,From Sen vegetarian and cafe Da Lat,"4 Street Lương Thế Vinh, Ward 3, Da Lat, Lâm Đồng, Việt Nam",All day
E028,Baked Da Lat and Me,"24 3 Tháng 4, Ward 3, Da Lat, Lâm Đồng 67000, Việt Nam",Lunch/Dinner
E029,Pine Grill Shop,"31/3 3 Tháng 4, Ward 3, Da Lat, Lâm Đồng, Việt Nam",Lunch/Dinner
E030,PHO AN Dalat,"23/5 Đ. Trần Phú, Ward 3, Da Lat, Lâm Đồng, Việt Nam",Breakfast/Lunch
E031,Hoi Xua Restaurant,"2 Street Hà Huy Tập, Ward 3, Da Lat, Lâm Đồng, Việt Nam",Lunch/Dinner
E032,Meli Grill Shop,"2 Street Đặng Thái Thân, Ward 3, Da Lat, Lâm Đồng 660000, Việt Nam",Lunch/Dinner
E033,Banh Can Nha Chung,"1 Street Nhà Chung, Ward 3, Da Lat, Lâm Đồng, Việt Nam",All day
E034,LONG chicken intestine wet cake,"202/2/5, Phan Đình Phùng, Ward 2, Da Lat, Lâm Đồng, Việt Nam",All day
E035,Banh Mi Xiu Mai Ri 79 (Opposite Tinh Doi gas station),"2 Street Thông Thiên Học, Ward Lâm Viên, Da Lat, Lâm Đồng 670000, Việt Nam",All day
E036,Grilled Ram and Corn Nem Tan Long,"290 Đ. Bùi Thị Xuân, Ward 2, Da Lat, Lâm Đồng, Việt Nam",Lunch/Dinner
E037,Pho Tho Chu Gia,"29 Street Thông Thiên Học, Ward 2, Da Lat, Lâm Đồng 66000, Việt Nam",All day
E038,Tuyen 2 Sturgeon Hotpot Da Lat,"Khu quy hoạch/Lô 75 Nguyễn Công Trứ, Ward 2, Da Lat, Lâm Đồng 67000, Việt Nam",Lunch/Dinner
E039,Tasty pan bread,"245 Street Hai Bà Trưng, Ward 2, Da Lat, Lâm Đồng, Việt Nam",All day
E040,A Cat cake can,"H55 Nguyễn Thị Nghĩa, Ward 2, Da Lat, Lâm Đồng 66109, Việt Nam",All day
E041,Fungi Chingu,"29 Street Võ Thị Sáu, Ward 2, Da Lat, Lâm Đồng 66109, Việt Nam",Lunch/Dinner
E042,Uncle La Snakehead Fish Soup,"148 Street Bùi Thị Xuân, Ward 2, Da Lat, Lâm Đồng, Việt Nam",All day
E043,Cao Chinese Noodle Shop,"217 Phan Đình Phùng, Ward 2, Da Lat, Lâm Đồng, Việt Nam",All day
E044,Pho Phi Thuyen,"78 Phan Đình Phùng, Ward 2, Da Lat, Lâm Đồng, Việt Nam",Breakfast/Dinner
E045,MiMi Sushi & Pizza Restaurant,"103 Street Bùi Thị Xuân, Ward 2, Da Lat, Lâm Đồng, Việt Nam",Lunch/Dinner
E046,Singapore Frog Porridge 151 Da Lat,"151 Street Bùi Thị Xuân, Ward 2, Da Lat, Lâm Đồng, Việt Nam",Lunch/Dinner
E047,Da Lat Smoke BBQ Grilled Hot Pot Restaurant,"178 Street Bùi Thị Xuân, Ward 2, Da Lat, Lâm Đồng, Việt Nam",Lunch/Dinner
E048,Thanh Dam vegetarian rice,"99C Nguyễn Văn Trỗi, Ward 2, Da Lat, Lâm Đồng, Việt Nam",All day
E049,VEGAN corner in Dalat - Vietnamese Dumplings,"91 Nguyễn Văn Trỗi, Ward 2, Da Lat, Lâm Đồng 660000, Việt Nam",All day
E050,Stir-fried Pho Lam,"97 Nguyễn Văn Trỗi, Ward 2, Da Lat, Lâm Đồng 670000, Việt Nam",Lunch/Dinner
E051,A Ty Fried Dough,"172 Nguyễn Văn Trỗi, Ward 2, Da Lat, Lâm Đồng, Việt Nam",Lunch/Dinner
E052,Kami sells grilled meat,"107a Nguyễn Văn Trỗi, Ward 2, Da Lat, Lâm Đồng, Việt Nam",All day
E053,Auntie Sau's noodle soup,"22 Street Võ Thị Sáu, Ward 2, Da Lat, Lâm Đồng, Việt Nam",Breakfast/Lunch
E054,Dalat Firewood Rice (118 Bui Thi Xuan),"118 Street Bùi Thị Xuân, Ward 2, Da Lat, Lâm Đồng 67000, Việt Nam",All day
E055,DELICIOUS FROG - Da Lat Frog Porridge,"110 Street Bùi Thị Xuân, Ward 2, Da Lat, Lâm Đồng 66000, Việt Nam",Lunch/Dinner
E056,An Lac Tam vegetarian restaurant,"104 Street Bùi Thị Xuân, Ward 2, Da Lat, Lâm Đồng, Việt Nam",All day
E057,O Lich Hue Beef Noodle Shop,"94 Street Bùi Thị Xuân, Ward 2, Da Lat, Lâm Đồng, Việt Nam",All day
E058,Now Restaurant - Com Nieu Restaurant - Delicious Family Hot Pot Dalat,"5 Street Lý Tự Trọng, Ward 2, Da Lat, Lâm Đồng 670000, Việt Nam",All day
E059,Da Lat BBQ,"91 Phan Bội Châu, Ward 2, Da Lat, Lâm Đồng, Việt Nam",All day
E060,Da Lat Rice,"141 Street Bùi Thị Xuân, Ward xuân hương, Da Lat, Lâm Đồng, Việt Nam",All day
E061,PEACEFUL TIME Drinking and Grilling,"46 Street Lê Thánh Tôn, Ward 6, Da Lat, Lâm Đồng 67000, Việt Nam",Lunch/Dinner
E062,Ly Restaurant,"Số 2 Đ. Mạc Đĩnh Chi, Ward 4, Da Lat, Lâm Đồng 66100, Việt Nam",Lunch/Dinner
E063,HUA GIA KITCHEN,"119 Đồng Tâm, Ward 4, Da Lat, Lâm Đồng, Việt Nam",Lunch/Dinner
E064,Dalat Hot Pot Restaurant - Royal Sturgeon Hot Pot,"42 Đ Phạm Ngũ Lão, Ward 4, Da Lat, Lâm Đồng, Việt Nam",Lunch/Dinner
E065,HoLoKy - Da Lat hot pot grill,"70/1 Đoàn Thị Điểm, Ward 4, Da Lat, Lâm Đồng, Việt Nam",Lunch/Dinner
E066,Ngan goat hot pot,"21/19 Đ. Trần Phú, Ward 3, Da Lat, Lâm Đồng, Việt Nam",Lunch/Dinner
E067,Wood Stove Rice Shop - Family Rice,"16 Huyền Trân Công Chúa, Ward 4, Da Lat, Lâm Đồng 66000, Việt Nam",Lunch
E068,Da Lat Delicious Restaurant,"A22 Street Trần Lê, Ward 4, Da Lat, Lâm Đồng 66115, Da Lat, Lâm Đồng 66116, Việt Nam",Lunch/Dinner
E069,Countryside Rice,"8/2 Đ. Thiên Thành, Ward 4, Da Lat, Lâm Đồng, Việt Nam",Lunch
E070,Japanese street food,"38 Đoàn Thị Điểm, Ward 1, Da Lat, Lâm Đồng, Việt Nam",Lunch/Dinner
E071,KALA FISH Restaurant,"7A Đ. Huỳnh Thúc Kháng, Ward 4, Da Lat, Lâm Đồng 670000, Việt Nam",All day
E072,Seafood Hotpot Crab Street,"4 Đoàn Thị Điểm, Ward 1, Da Lat, Lâm Đồng, Việt Nam",All day
E073,Ganh Rice Shop (Da Lat Lunch Shop),"175 Ba Tháng Hai, Ward 4, Da Lat, Lâm Đồng, Việt Nam",Lunch
E074,Bich Cau 3 Restaurant - Da Lat,"9 Đ. Huỳnh Thúc Kháng, Ward 4, Da Lat, Lâm Đồng, Việt Nam",Lunch/Dinner
E075,Shop embankment,"161/3 Ba Tháng Hai, Ward 4, Da Lat, Lâm Đồng, Việt Nam",All day
E076,Lam rice with grilled chicken from western origin,"77 Đoàn Thị Điểm, Ward 4, Da Lat, Lâm Đồng, Việt Nam",All day
E077,Vegetarian Restaurant - AN LAC TAM,"40 Đ Phạm Ngũ Lão, Ward 1, Da Lat, Lâm Đồng 66000, Việt Nam",All day
E078,Auntie 5 Restaurant - Central Highlands Grill - Da Lat Sturgeon Hotpot,"30 Đ. Ngô Thì Sỹ, Ward 4, Da Lat, Lâm Đồng 670000, Việt Nam",Dinner
E079,Restaurant 65 Da Lat,"33 KQH Trần Lê, Ward 4, Da Lat, Lâm Đồng, Việt Nam",All day
E080,Nam Anh Phat - Dalat Hotpot and Grill,"36 Đ. Mạc Đĩnh Chi, Ward 4, Da Lat, Lâm Đồng 66000, Việt Nam",Lunch/Dinner
E081,A Vu restaurant's rice shop,"20 Huyền Trân Công Chúa, Ward 4, Da Lat, Lâm Đồng, Việt Nam",Lunch/Dinner
E082,Happy Chicken Shop - Grilled Chicken with Lam Rice & Chicken Hotpot with é Leaves,"86 Đ. Hoàng Diệu, Ward 5, Da Lat, Lâm Đồng 66000, Vietnam",Lunch/Dinner
E083,Anne Dalat restaurant,"47 Street Hàn Thuyên, Ward 5, Da Lat, Lâm Đồng, Vietnam",Lunch/Dinner
E084,BBQ Garden Dalat - Dalat hotpot grilled BUFFET,"21 Đ. Hoàng Diệu, Ward 5, Da Lat, Lâm Đồng, Vietnam",Lunch/Dinner
E085,An Gia noodle shop,"46A Đ. Trần Nhật Duật, Ward 5, Da Lat, Lâm Đồng, Vietnam",All day
E086,Huong Quan Da Lat,"47B Trần Bình Trọng, Ward 5, Da Lat, Lâm Đồng 67000, Vietnam",Lunch/Dinner
E087,Dalat Salmon Sturgeon Restaurant - Chivo,"20 Trần Bình Trọng, Ward 5, Da Lat, Lâm Đồng 670000, Vietnam",Lunch/Dinner
E088,Aunt Dinh's grilled rice paper,"26 Đ. Hoàng Diệu, Ward 5, Da Lat, Lâm Đồng, Vietnam",Lunch/Dinner
E089,Ku Boc chicken rice with egg sauce,"36 Đ. Mạc Đĩnh Chi, Ward 5, Da Lat, Lâm Đồng 610000, Vietnam",Lunch/Dinner
E090,Grilled Nam Da Lat,"07 Đ. Hoàng Diệu, Ward 5, Da Lat, Lâm Đồng 670000, Vietnam",Dinner
E091,Ha Phuong chicken intestine wet cake shop,"KQH Hoàng Diệu/Lô F5 Đặng Thùy Trâm, Ward 5, Da Lat, Lâm Đồng, Vietnam",Breakfast/Lunch
E092,DELICIOUS STEAK,"61 Đ. Mai Hắc Đế, Ward 6, Da Lat, Lâm Đồng 66000, Vietnam",Lunch/Dinner
E093,Ban Don Restaurant Dalat - Wild Meat & Central Highlands Dishes,"Alley 51 Street Nguyễn An Ninh, Ward 6, Da Lat, Lâm Đồng, Vietnam",Lunch/Dinner
E094,Chicken hot pot with é o o o leaves,"11 Kim Đồng, Ward 6, Da Lat, Lâm Đồng, Vietnam",Lunch/Dinner
E095,Co Thu Nem Nuong Restaurant,"56/13 Hải Thượng, Ward 6, Da Lat, Lâm Đồng, Vietnam",Lunch/Dinner
E096,Pho - Gia Lam Beef Hotpot Dalat,"30 đường Ngô Quyền, Ward 6, Da Lat, Lâm Đồng 670000, Vietnam",All day
E097,Pan Bread 303,"303 Street Hai Bà Trưng, Ward 6, Da Lat, Lâm Đồng 670000, Vietnam",Breakfast/Lunch
E098,Kieu Quan - Banh Cuon Bun Cha Hanoi,"242A Street Hai Bà Trưng, phường 6, Da Lat, Lâm Đồng 670000, Vietnam",All day
E099,Quang Ba Tam Noodle Shop Dalat,"60 Street Phạm Ngọc Thạch, Ward 6, Da Lat, Lâm Đồng 670000, Vietnam",All day
E100,Xuyen Tieu - Hong Kong Hot Pot,"45 Street Hai Bà Trưng, Ward 6, Da Lat, Lâm Đồng, Vietnam",Lunch/Dinner
E101,Pig's Rice House - Piggies Rice House,"Hẻm 217 Ngô Quyền, Ward 6, Da Lat, Lâm Đồng, Vietnam",Lunch/Dinner
E102,Pho Uyen restaurant,"167 Xô Viết Nghệ Tĩnh, Ward 7, Da Lat, Lâm Đồng, Vietnam",Breakfast/Lunch
E103,SMOKE - Hot Pot & Grill,"206 Xô Viết Nghệ Tĩnh, Ward 7, Da Lat, Lâm Đồng, Vietnam",Lunch/Dinner
E104,Bun To Hoang Hien Mang Line,"127 Xô Viết Nghệ Tĩnh, Ward 7, Da Lat, Lâm Đồng, Vietnam",Breakfast/Lunch
E105,Nem Nuong - Hoang Hai Corn Ramen - Traditional charcoal grill.,"12 La Sơn Phu Tử, Ward 7, Da Lat, Lâm Đồng 670000, Vietnam",Lunch/Dinner
E106,Xoi Xeo Co Ba,"05 Street Bạch Đằng, Ward 7, Da Lat, Lâm Đồng, Vietnam",All day
E107,A Ke chicken rice,"56 Xô Viết Nghệ Tĩnh, Ward 7, Da Lat, Lâm Đồng, Vietnam",Lunch/Dinner
E108,U Nu Grill Shop,"39 Street Trần Đại Nghĩa, Ward 8, Da Lat, Lâm Đồng 670000, Vietnam",Lunch/Dinner
E109,GRILL: Da Lat grill shop,"4 Street Trần Khánh Dư, Ward 8, Da Lat, Lâm Đồng, Vietnam",Lunch/Dinner
E110,Hang Thien Dalat vegetarian hot pot,"265/4 Đ. Bùi Thị Xuân, Ward 8, Da Lat, Lâm Đồng, Vietnam",Lunch/Dinner
E111,Minh Hien restaurant,"1 Hẻm 1P-2T Phù Đổng Thiên Vương, Ward 8, Da Lat, Lâm Đồng 670000, Vietnam",Lunch/Dinner
E112,Lo-ghim Grill & Chill Da Lat restaurant,"38 Street Võ Trường Toản, Ward 8, Da Lat, Lâm Đồng, Vietnam",Dinner
E113,Chill Garden Buffet,"2c Street Vạn Kiếp, Ward 8, Da Lat, Lâm Đồng, Vietnam",Dinner
E114,Pho Man Dalat (Pho Man - Vietnamese Beef Noodles),"8 Street Trần Quang Khải, street, Da Lat, Lâm Đồng 670000, Vietnam",Breakfast/Lunch
E115,Lam Ky Goat Hotpot,"2 Street Ngô Tất Tố, Ward 8, Da Lat, Lâm Đồng, Vietnam",All day
E116,Chisai Ramen Noodle Shop,"33/72 Nguyễn Công Trứ, P.8, Da Lat, Lâm Đồng, Vietnam",Lunch/Dinner
E117,Canteen 59 - Da Lat snack shop,"2 Đ. Trần Nhân Tông, Ward 8, Da Lat, Lâm Đồng 670000, Vietnam",Dinner
E118,CO Sinh - grilled chicken with lam rice,"86 Đ. Hùng Vương, Ward 9, Da Lat, Lâm Đồng, Việt Nam",Lunch/Dinner
E119,UT HIEN rice shop,"1/7, Đ. Trần Quý Cáp, Ward 9, Da Lat, Lâm Đồng 66000, Việt Nam",Lunch/Dinner
E120,Quang Hang noodles,"65 Street Trạng Trình, Ward 9, Da Lat, Lâm Đồng, Việt Nam",Lunch
E121,Hot Casting Cup,"Đ. Nguyễn Đình Chiểu, Ward 9, Da Lat, Lâm Đồng 66000, Việt Nam",Lunch/Dinner
E122,Khaki Ramen,"1/4, Đ. Nguyễn Đình Chiểu, Ward 9, Da Lat, Lâm Đồng 66000, Việt Nam",Lunch/Dinner
E123,The HOT Beer Garden,"28 D. Sương Nguyệt Anh, Ward 9, Da Lat, Lâm Đồng, Việt Nam",Dinner
E124,Dai Loc Quang Noodles,"242 Yersin, Ward 9, Da Lat, Lâm Đồng, Việt Nam",All day
E125,Rice Noodle Ngoc Phuong,"26 D. Sương Nguyệt Anh, Ward 9, Da Lat, Lâm Đồng 670000, Việt Nam",All day
E126,Papa Restaurant,"47 D. Sương Nguyệt Anh, Ward 9, Da Lat, Lâm Đồng, Việt Nam",All day
E127,Linh Rice Restaurant Dalat - Suong Nguyet Anh,"23 D. Sương Nguyệt Anh, Ward 9, Da Lat, Lâm Đồng 66100, Việt Nam",Lunch/Dinner
E128,RICE - NORTHERN MEDICINE POTENTIAL (TIM THANG 2),"Đ. Nguyễn Đình Chiểu, Ward 9, Da Lat, Lâm Đồng, Việt Nam",Lunch/Dinner
E129,Vietnamese Pizza (Wood-fired Pizza),"22 Phan Chu Trinh, Ward 9, Da Lat, Lâm Đồng, Việt Nam",All day
E130,Jollibee Phan Chu Trinh,"1 Phan Chu Trinh, Ward Lâm Viên, Da Lat, Lâm Đồng, Việt Nam",All day
E131,Da Lat sunshine sturgeon,"đầu, Phan Chu Trinh/1 Đ. Trần Quý Cáp, Ward 9, Da Lat, Lâm Đồng 670000, Việt Nam",Lunch/Dinner
E132,Pho Vy,"1 Trần Quý Cáp, 9, Đà 9 Da Lat Vietnam, Ward 9, Da Lat, Lâm Đồng, Việt Nam",Breakfast/Lunch
E133,Nem Nuong Hoang Hai,"2 Đ. Trần Quý Cáp, Ward 9, Da Lat, Lâm Đồng",Lunch/Dinner
E134,Smoke Kitchen - Da Lat Giant Spicy Ribs,"42 Phan Chu Trinh, Ward 9, Da Lat, Lâm Đồng 66000, Việt Nam",Lunch/Dinner
E135,Spicy Noodles SEOUL Da Lat CN2,"26 Đ. Nguyễn Đình Chiểu, Ward 9, Da Lat, Lâm Đồng 66000, Việt Nam",All day
E136,Le Dung Restaurant,"5 Hồ Xuân Hương, Ward 9, Da Lat, Lâm Đồng, Việt Nam",All day
E137,Benevolent broken rice,"43 Đ. Hùng Vương, Ward 9, Da Lat, Lâm Đồng, Việt Nam",Breakfast/Lunch
E138,Linh rice restaurant Dalat,"11 Lê Văn Tám, Ward 10, Da Lat, Lâm Đồng 66100, Việt Nam",Lunch/Dinner
E139,Da Lat Kitchen Restaurant,"89 Hoàng Hoa Thám, Ward 10, TP. Da Lat",Breakfast/Lunch
E140,Hoi An Quang Noodles,"14 Yersin, Ward 10, Da Lat, Lâm Đồng",All day
E141,Banh Can Le,"27/44 Yersin, Ward 10, Da Lat",Breakfast/Lunch
E142,Khe Sanh Sturgeon Restaurant," 7 Khe Sanh, Ward 10, TP. Da Lat",Lunch/Dinner
E143,Phuc Nguyen Goat Hot Pot Dalat,"Số 32 đường Trần Hưng Đạo, Ward 10, City Da Lat",Lunch/Dinner
E144,Ms. Lanh's cake can,"69 Hoàng Hoa Thám, Ward 10, City Da Lat",Breakfast
E145,Dalat Balu beef hotpot,"104 Đ.Hoàng Hoa Thám, Ward 10, Da Lat",Lunch/Dinner
E146,Hoi No Restaurant,"4 Trần Hưng Đạo, Ward 10, City Da Lat.",Breakfast/Lunch
E147,MEMORY HOT POT SHOP,"678 Đ. Hùng Vương, Ward 11, Da Lat, Lâm Đồng 670000, Việt Nam",Lunch/Dinner
E148,Campi Grill Shop,"31 Sào Nam, Ward 11, Da Lat, Lâm Đồng, Việt Nam",Dinner
E149,Mr. Thuong's Grill Shop,"74 Sào Nam, Ward 11, Da Lat, Lâm Đồng 671000, Việt Nam",Lunch/Dinner
E150,Spicy Fish Noodles,"35 Street Bùi Thị Xuân, Ward Xuân Hương, Da Lat, Lâm Đồng 66000, Việt Nam",All day
E151,Cao Nguyen Restaurant,"166 Đ. Hùng Vương, Ward 11, Da Lat, Lâm Đồng, Việt Nam",All day
E152,Wooden House Beef Hotpot - Field Hill,"Đ. Hùng Vương, Ward 11, Da Lat, Lâm Đồng, Việt Nam",Lunch/Dinner
E153,Dung can cake,"160 Tự Phước, Ward 11, Da Lat, Lâm Đồng, Việt Nam",Breakfast/Lunch
E154,Lighthouse Hill Grill Shop,"49B Tổ, Sào Nam/Cuối Đ. Hùng Vương, Gần Làng, Da Lat, Lâm Đồng 66000, Việt Nam",Lunch/Dinner
E155,Bag Mo To Garden Restaurant,"Hẻm 31 Sào Nam, Ward 11, Da Lat, Lâm Đồng 66100, Việt Nam",Lunch/Dinner
E156,Rice Nieu Loc Ky Dalat,"109 Đ. Hùng Vương, Ward 11, City Da Lat, Lâm Đồng 700000, Da Lat, Lâm Đồng 66000, Việt Nam",All day
E157,"Snakehead Fish Soup, Hue Eel Vermicelli - Ngo Gia","QL20/33 Tự Phước, Ward 11, Da Lat, Lâm Đồng 670000, Việt Nam",All day
E158,Cage-Housed Young Cows,"Số 2 Đồi Dã Chiến, Ward 12, Da Lat, Lâm Đồng 66000, Việt Nam",Lunch/Dinner
E159,Thai Phien banh beo,"27 Ngô Gia Tự, Ward 12, Da Lat, Lâm Đồng",All day
E160,Mr.Xanu fried chicken,"38 Street Thái Phiên, Ward 12, Da Lat, Lâm Đồng 66000",Lunch/Dinner
E161,Thai Phien fresh goat,"11 Ngô Gia Tự, Ward 12, Da Lat, Lâm Đồng",All day
E162,Tien Phu 2,"39 Ngô Gia Tự, Ward 12, Da Lat, Lâm Đồng, Việt Nam",All day
E163,Banh Canh 59,"59 Street Nguyễn Thái Bình, Ward 12, Da Lat, Lâm Đồng",Breakfast/Lunch
